Abilene Christian University,Wildcats,Abilene,acu.edu
Abraham Baldwin Agricultural College,Golden Stallions,Tifton,abac.edu
Adams State College,Grizzlies,Alamosa,adams.edu
Adelphi University,Panthers,Garden City,adelphi.edu
Adrian College,Bulldogs,Adrian,adrian.edu
U.S. Air Force Academy,Falcons,Air Force Academy,usafa.af.mil
University of Akron,Zips,Akron,uakron.edu
University of Alabama,Crimson Tide,Tuscaloosa,ua.edu
University of Alabama in Birmingham,Blazers,Birmingham,uab.edu
University of Alabama in Huntsville,Chargers,Huntsville,uah.edu
Alabama A&M University,Bulldogs,Lady Bulldogs,Normal,aamu.edu
Alabama State University,Hornets,Lady Hornets,Montgomery,alasu.edu
University of Alaska Anchorage,Seawolves,Anchorage,uaa.alaska.edu
University of Alaska Fairbanks,Nanooks,College,uaf.edu
"University at Albany, The State University of New York",Great Danes,Albany,albany.edu
Albright College,Lions,Reading,albright.edu
Alcorn State University,Braves,Lady Braves,Lorman,alcorn.edu
Albertus Magnus College,Falcons,New Haven,albertus.edu
Alderson-Broaddus College,Battlers,Philippi,ab.edu
Alfred University,Saxons,Alfred,alfred.edu
Alice Lloyd College,Eagles,Pippa Passes,alc.edu
Allegheny College,Gators,Meadville,allegheny.edu
Alma College,Scots,Alma,alma.edu
Alvernia University,Reading,alvernia.edu
American International College,Yellow Jackets,Springfield,aic.edu
American University,Eagles,Washington,american.edu
Amherst College,Amherst,amherst.edu
Anderson University (Indiana),Ravens,Anderson,anderson.edu
Anderson University (South Carolina),Trojans,Anderson,andersonuniversity.edu
Angelo State University,Rams,San Angelo,angelo.edu
Appalachian State University,Mountaineers,Boone,appstate.edu
Arcadia University,Glenside,arcadia.edu
Armstrong State Pirates and Lady Pirates,Pirates,Savannah,armstrongpirates.com
University of Arizona,Wildcats,Tucson,arizona.edu
Arizona State University,Sun Devils,Tempe,asu.edu
University of Arkansas,Razorbacks,Fayetteville,uark.edu
University of Arkansas at Little Rock,Trojans,Little Rock,ualr.edu
University of Arkansas at Monticello,Boll Weevils,Cotton Blossoms,Monticello,uamont.edu
University of Arkansas at Pine Bluff,UAPB,The Yard,Pine Bluff,uapb.edu
Arkansas State University,Red Wolves (Indians 1931–2008),Jonesboro,astate.edu
Arkansas Tech University,Wonder Boys,Golden Suns,Russellville,atu.edu
United States Military Academy,Black Knights,West Point,westpoint.edu
ASA College,New York,Miami,asa.edu
Ashford University,The Saints,San Diego[4],ashford.edu
Ashland University,Eagles,Ashland,ashland.edu
Association Free Lutheran Bible School and Seminary,Plymouth[1],aflbs.org
Assumption College,Greyhounds,Worcester,assumption.edu
Auburn University,Tigers,Auburn,auburn.edu
Auburn University at Montgomery,Warhawks,Montgomery,aum.edu
Augsburg University,Auggies,Minneapolis,augsburg.edu
Augustana College (Illinois),Augie,Rock Island,augustana.edu
Aurora University,Spartans,Aurora,aurora.edu
Austin College,Kangaroos,The Fighting 'Roos,Sherman,austincollege.edu
Austin Peay State University,Clarksville,apsu.edu
Ave Maria University,Gyrenes,Ave Maria,avemaria.edu
Avila University,Eagles,Kansas City,avila.edu
Azusa Pacific University,Cougars,Azusa,apu.edu
Babson College,Beavers,Wellesley,babson.edu
Baker University,Wildcats,Baldwin City,BakerU.edu
Baldwin-Wallace College,Yellow Jackets,Berea,bw.edu
Ball State University,Cardinals,Muncie,bsu.edu
Bard College,Raptors,Annandale-on-Hudson,bard.edu
Barry University,Buccaneers,Miami Shores,barry.edu
Bates College,Bobcats,Lewiston,Bates.edu
Baylor University,Bears,Lady Bears,Waco,baylor.edu
Bellevue University,Bruins,Bellevue,bellevue.edu
Belmont University,Bruins,Nashville,belmont.edu
Belmont Abbey College,Crusaders,Belmont,BelmontAbbeyCollege.edu
Beloit College, Beloit,beloit.edu
Bemidji State University,Beavers,Bemidji,bemidjistate.edu
Benedict College,Tigers,Columbia,benedict.edu
Benedictine College,Ravens,Atchison,benedictine.edu
Bentley College,Falcons,Waltham,bentley.edu
Berea College,Mountaineers,Berea,berea.edu
Bethany College (Kansas),Lindsborg,bethanylb.edu
Bethany College (West Virginia),Bethany,bethanywv.edu
Bethel College (Indiana),The Pilots,Mishawaka,BethelCollege.edu
Bethel College (Kansas),Threshers,300 East 27th StreetNorth Newton,bethelks.edu
Bethel University (Minnesota),Royals,Arden Hills,bethel.edu
Bethel University (Tennessee),McKenzie,bethelu.edu
Bethune-Cookman College,Wildcats,Daytona Beach,cookman.edu
Binghamton University,Bearcats,Vestal,binghamton.edu
Birmingham-Southern College,Birmingham,bsc.edu
Black Hills State University,Yellow Jackets,Spearfish,bhsu.edu
Blinn College,Buccaneers,Brenham,blinn.edu
Bloomfield College,Bears,Bloomfield,bloomfield.edu
Bloomsburg University of Pennsylvania,Huskies,Bloomsburg,bloomu.edu
Bluefield College,Rams,Bluefield,bluefield.edu
Bluefield State College,Big Blues,Bluefield,bluefieldstate.edu
Bluffton University,Beavers,Bluffton,bluffton.edu
Boise State University,Broncos,Boise,boisestate.edu
Boston College,Eagles,Chestnut Hill,bc.edu
Boston University,Terriers,Boston,bu.edu
Bowling Green State University,Falcons,Bowling Green,bgsu.edu
Bowdoin College,Brunswick,bowdoin.edu
Bowie State University,Bulldogs,Bowie,bowiestate.edu
Bradley University,Braves,Peoria,bradley.edu
Brandeis University,Judges,Waltham,brandeis.edu
Briar Cliff University,Chargers,Sioux City,briarcliff.edu
Briarcliffe College,Long Island,briarcliffe.edu
Bridgewater College,Eagles,Bridgewater,bridgewater.edu
Brigham Young University,Cougars,Provo,byu.edu
Brigham Young University Hawaii,Laie,byuh.edu
Bryant University,Bulldogs,Smithfield,bryant.edu
Brooklyn College,Bulldogs,Brooklyn,brooklyn.cuny.edu
Broward College,Seahawks,Fort Lauderdale,broward.edu
Brown University,Bears,Providence,brown.edu
Bucknell University,Bison,Lewisburg,bucknell.edu
Buena Vista University,Storm Lake,bvu.edu
"University at Buffalo, The State University of New York",Bulls,Buffalo,buffalo.edu
Buffalo State College,Bengals,Buffalo,suny.buffalostate.edu
Butler University,Bulldogs,Indianapolis,butler.edu
Cabrini College,Cavaliers,Radnor,cabrini.edu
"University of California, Berkeley",Golden Bears,Berkeley,berkeley.edu
"University of California, Davis",Aggies,Davis,ucdavis.edu
"University of California, Irvine",Anteaters,Irvine,uci.edu
"University of California, Merced",Golden Bobcats,Merced,ucmerced.edu
"University of California, Riverside",Highlanders,Riverside,Palm Desert,ucr.edu
"University of California, San Diego",Tritons,San Diego,ucsd.edu
"University of California, Santa Barbara",Gauchos,Santa Barbara,ucsb.edu
"University of California, Santa Cruz",Banana Slugs,Santa Cruz,ucsc.edu
"University of California, Los Angeles",Bruins,Westwood,ucla.edu
California Lutheran University,Kingsmen,Regals,Thousand Oaks,callutheran.edu
California Maritime Academy,Vallejo,csum.edu
California State Polytechnic University Pomona,Broncos,Pomona,cpp.edu
California Polytechnic State University San Luis Obispo,Mustangs,San Luis Obispo,calpoly.edu
"California State University, Bakersfield",Roadrunners,Bakersfield,csub.edu
"California State University, Channel Islands",The Dolphins,Camarillo,csuci.edu
"California State University, Chico",Wildcats,Chico,csuchico.edu
"California State University, East Bay",Pioneers,Hayward,csueastbay.edu
"California State University, Fresno",Bulldogs,Fresno,fresnostate.edu
"California State University, Fullerton",Titans,Fullerton,fullerton.edu
"California State University, Humboldt",Lumberjacks,Arcata,humboldt.edu
"California State University, Long Beach",49ers,Dirtbags,Long Beach,csulb.edu
"California State University, Los Angeles",Golden Eagles,University Hills,calstatela.edu
"California State University, Northridge",Matadors,Northridge,csun.edu
"California State University, San Bernardino",Coyotes,San Bernardino,csusb.edu
"California State University, San Diego",Aztecs,San Diego,sdsu.edu
"California State University, San Francisco",Gators,San Francisco,sfsu.edu
"California State University, San Jose",Spartans,San Jose,sjsu.edu
"California State University, Sacramento",Hornets,Sacramento,csus.edu
"California State University, Sonoma",Seawolves,Rohnert Park,sonoma.edu
"California State University, Stanislaus",Warriors,Turlock,csustan.edu
California University of Pennsylvania,Vulcans,California,calu.edu
Calvin College,Knights,Grand Rapids,calvin.edu
Campbell University,Fighting Camels,Lady Camels,Buies Creek,campbell.edu
Campbellsville University,Campbellsville,campbellsville.edu
Canisius College,Golden Griffins,Lady Griffins,Buffalo,canisius.edu
Capital University,Bexley,capital.edu
Cardinal Stritch University,,Milwaukee,stritch.edu
Carleton College,Knights,Northfield,carleton.edu
Carnegie Mellon University,Tartans,Pittsburgh,cmu.edu
Carroll College,Fighting Saints,Helena,carroll.edu
Carson-Newman College,Eagles,Jefferson City,cn.edu
Carthage College,Red Men,Lady Reds,Kenosha,carthage.edu
Case Western Reserve University,Spartans,Cleveland,case.edu
Castleton State College,Spartans,Castleton,castleton.edu
The Catholic University of America,Cardinals,Washington,Catholic.edu
Cazenovia College,Wildcats,Cazenovia,cazenovia.edu
Centenary College of Louisiana,Gentlemen,Ladies,Shreveport,centenary.edu
University of Central Arkansas,Bears,Sugar Bears,Conway,uca.edu
Central Connecticut State University,Blue Devils,New Britain,ccsu.edu
College of Central Florida,Patriots,Ocala,cf.edu
University of Central Florida,Knights,Orlando,ucf.edu
Central College (Iowa),Dutch,Pella,central.edu
Central Methodist University,Eagles,Fayette,centralmethodist.edu
Central Michigan University,Chippewas,Mount Pleasant,cmich.edu
University of Central Missouri,Warrensburg,ucmo.edu
University of Central Oklahoma,Bronchos,Edmond,uco.edu
Central Washington University,Wildcats,Ellensburg,cwu.edu
Centre College,Danville,centre.edu
Cerritos College,Falcons,Norwalk,cerritos.edu
Chadron State College,Eagles,Chadron,csc.edu
Chaminade University of Honolulu,Silverswords,Honolulu,chaminade.edu
Chapman University,Panthers,Orange,chapman.edu
College of Charleston,Cougars,Charleston,cofc.edu
Chatham University,Cougars,Pittsburgh,chatham.edu
University of Charleston,Golden Eagles,Charleston,ucwv.edu
Charleston Southern University,Buccaneers,North Charleston,charlestonsouthern.edu
Chestnut Hill College,Griffins,Philadelphia,chc.edu
Cheyney University of Pennsylvania,Wolves,Cheyney,cheyney.edu}
University of Chicago,Maroons,Chicago,uchicago.edu
Chicago State University,Cougars,Chicago,csu.edu
Chipola College,Marianna,chipola.edu
Christian Brothers University,Buccaneers,Lady Buccaneers,Memphis,cbu.edu
Christopher Newport University,Captains,Newport News,cnu.edu
University of Cincinnati,Bearcats,Cincinnati,uc.edu
Cincinnati Christian University,Cincinnati,ccuniversity.edu
"The Citadel, The Military College of South Carolina",Bulldogs,citadel.edu
Clarion University of Pennsylvania,Golden Eagles,Clarion,clarion.edu
Clarkson University,Golden Knights,Potsdam,clarkson.edu
Clarke University,Pride,clarke.edu
Clearwater Christian College,Clearwater,clearwater.edu
Clemson University,Tigers,Clemson,clemson.edu
Cleveland State University,Vikings,Cleveland,csuohio.edu
Coastal Carolina University,Chanticleers,Conway,coastal.edu
Coe College,Kohawks,Cedar Rapids,coe.edu
Coker College,Cobras,Hartsville,coker.edu
Colby College,Mules,Waterville,colby.edu
Colgate University,Raiders,Hamilton Village,colgate.edu
University of Colorado at Boulder,Buffaloes,Boulder,colorado.edu
University of Colorado at Colorado Springs,Mountain Lions,Colorado Springs,uccs.edu
Colorado College,Tigers,Colorado Springs,coloradocollege.edu
Colorado Mesa University,Mavericks,Grand Junction,coloradomesa.edu
Colorado School of Mines,Orediggers,Golden,mines.edu
Colorado State University,Rams,Fort Collins,colostate.edu
Colorado State University-Pueblo,ThunderWolves,Pueblo,csupueblo.edu
Columbia College (Missouri),Cougars,Columbia,ccis.edu
Columbia University,Lions,New York,columbia.edu
Concord University,Mountain Lions,Athens,concord.edu
"Concordia College, Moorhead",Cobbers,Moorhead,cord.edu
"Concordia College, Selma",Hornets,Selma,ccal.edu
"Concordia College, New York",Clippers,Bronxville,concordia-ny.edu
"Concordia University, Ann Arbor",Cardinals,Ann Arbor,cuaa.edu
Concordia University Chicago,CUC,Concordia-Chicago,CUChicago,River Forest,cuchicago.edu
"Concordia University, Irvine",Irvine,CUI.edu
"Concordia University, Nebraska",Seward,cune.edu
"Concordia University, Portland",Cavaliers,Portland,cu-portland.edu
"Concordia University, Saint Paul",St. Paul,csp.edu
Concordia University Texas,Austin,concordia.edu
Concordia University Wisconsin,Falcons,Mequon,cuw.edu
University of Connecticut,Huskies,Storrs,uconn.edu
Connecticut College,New London,conncoll.edu
Coppin State University,Eagles,Baltimore,coppin.edu
Cornell University,Big Red,Ithaca,cornell.edu
Cornerstone University,Grand Rapids,cornerstone.edu
Creighton University,Bluejays,Omaha,creighton.edu
Culver-Stockton College,Canton,culver.edu
Cumberland University,Phoenix,Lebanon,cumberland.edu
University of the Cumberlands,Williamsburg,University of the Cumberlands
Dallas Baptist University,Patriots,Dallas,dbu.edu
Dakota State University,Trojans,Lady T's,Madison,dsu.edu
Dana College,Blair,dana.edu
Dartmouth College,Big Green,Hanover,dartmouth.edu
Davis and Elkins College,Senators,Elkins,dewv.edu
Davenport University,Panthers,davenport.edu
Davidson College,Wildcats,Davidson,davidson.edu
University of Dayton,Flyers,Dayton,udayton.edu
Daytona State College,Daytona Beach,daytonastate.edu
Defiance College,Yellow Jackets,Lady Jackets,Defiance,defiance.edu
DePaul University,Blue Demons,Chicago,depaul.edu
DePauw University,Tigers,Greencastle,depauw.edu
Delaware Fightin' Blue Hens,The Blue Hens,Newark,bluehens.com
Delaware State University,Hornets,Dover,desu.edu
Delaware Valley University,Aggies,Doylestown,delval.edu
Delta State University,Statesmen,Lady Statesmen,Cleveland,deltastate.edu
Denison University,Big Red,Granville,denison.edu
University of Denver,Pioneers,Denver,du.edu
DeSales University,Bulldogs,Center Valley,desales.edu
University of Detroit Mercy,Titans,Detroit,udmercy.edu
Dickinson College,Red Devils,Carlisle,dickinson.edu
University of the District of Columbia,Firebirds,Washington,udc.edu
Doane College,Tigers,Crete,doane.edu
Dordt College,Defenders,Sioux Center,dordt.edu
Dowling College,The Golden Lions,Oakdale,dowling.edu
Drake University,Bulldogs,Des Moines,drake.edu
Drew University,Rangers,Madison,drew.edu
Drexel University,Dragons,Philadelphia,Drexel.edu
Duke University,Blue Devils,Durham,duke.edu
Duquesne University,Dukes,Pittsburgh,duq.edu
University of Dubuque,Spartans,dbq.edu
Earlham College,Quakers,Richmond,earlham.edu
Eastern Arizona College,Gila Monsters,Thatcher,eac.edu
East Carolina University,Pirates,Greenville,ecu.edu
East Los Angeles College,Monterey Park,elac.edu
East Stroudsburg University of Pennsylvania,Warriors,East Stroudsburg,esu.edu
East Tennessee State University,Buccaneers,Johnson City,etsu.edu
East Texas Baptist University,ETBU,Marshall,etbu.edu
Eastern Connecticut State University,Warriors,Willimantic,easternct.edu
Eastern Florida State College,Brevard County,easternflorida.edu
Eastern Illinois University,Panthers,Charleston,eiu.edu
Eastern Kentucky University,Richmond,eku.edu
Eastern Michigan University,Eagles,Ypsilanti,emich.edu
Eastern Nazarene College,Lions,Quincy,enc.edu
Eastern New Mexico University,Greyhounds,Portales,enmu.edu
Eastern University (United States),St. Davids,eastern.edu
Eastern Washington University,Eagles,Cheney,ewu.edu
Eckerd College,Tritons,St. Petersburg,eckerd.edu
Edinboro University of Pennsylvania,Fighting Scots,Edinboro,edinboro.edu
Edward Waters College,Tigers,Lady Tigers,Jacksonville,ewc.edu
El Paso Community College,Tejanos,Tejanas,El Paso,epcc.edu
Elon University,Phoenix,Elon,elon.edu
Embry-Riddle Aeronautical University,Eagles,Daytona Beach,erau.edu
Emory University,Eagles,Atlanta,emory.edu
Emporia State University,Hornets,Emporia,emporia.edu
Endicott College,Gulls,Beverly,endicott.edu
Erskine College,Flying Fleet,erskine.edu
Evangel University,Crusaders,evangel.edu
University of Evansville,Purple Aces,Evansville,evansville.edu
Evergreen State College,Geoducks,Olympia,evergreen.edu
Fairleigh Dickinson University,Knights,Devils,Florham Park,fdu.edu
Fairleigh Dickinson University,Knights,Devils,Florham Park,fdu.edu
Fairfield University,Stags,Fairfield,fairfield.edu
Fairmont State University,Fairmont,fairmontstate.edu
Faulkner University,Eagles,Montgomery,faulkner.edu
Ferris State University,Bulldogs,Big Rapids,Grand Rapids,ferris.edu
Felician College,Golden Falcons,Lodi,Rutherford,felician.edu
University of Findlay,Oilers,Findlay,findlay.edu
Finger Lakes Community College,Lakers, Hopewell,flcc.edu
Finlandia University,Lions,Hancock,finlandia.edu
Fisk University,Bulldogs,Nashville,fisk.edu
Fitchburg State,Falcons,Fitchburg,fitchburgstate.edu
Flagler College,Saints,St. Augustine,flagler.edu
University of Florida,Gators,Gainesville,ufl.edu
Florida A&M University,Rattlers,Lady Rattlers,Tallahassee,famu.edu
Florida Atlantic University,Owls,fau.edu
Florida International University,Panthers,University Park,fiu.edu
Florida College,Falcons,Temple Terrace,floridacollege.edu
Florida Institute of Technology,PanthersCountdown CollegeMissileman U,Melbourne,fit.edu
Florida Gulf Coast University,Eagles,Dunk City,fgcu.edu
Florida Memorial University,Miami Gardens,fmuniv.edu
Florida National University,Conquistadors,Hialeah,fnu.edu
Florida Southern,Moccasins,Lakeland,flsouthern.edu
Florida SouthWestern State College,The Buccaneers,Fort Myers,fsw.edu
Florida State College at Jacksonville,BlueWave,Jacksonville,fscj.edu
Florida State University,Seminoles,Tallahassee,fsu.edu
Fordham University,Rams,New York,fordham.edu
Fort Hays State University,Tigers,Hays,fhsu.edu
Fort Valley State University,Wildcats,Fort Valley,fvsu.edu
Francis Marion University,Patriots,Pats,Florence,fmarion.edu
Franklin University,Columbus,franklin.edu
Franklin and Marshall College,Diplomats,Lancaster,fandm.edu
Franklin College (Indiana),Grizzlies,Franklin,franklincollege.edu
Freed-Hardeman University,Lions,Henderson,fhu.edu
Friends University,Falcons,Wichita,friends.edu
Fresno Pacific University,Fresno Pacific Sunbirds www.fpuathletics.com,Fresno,fresno.edu fpuathletics.com
"California State University, Fresno",Bulldogs,Fresno,fresnostate.edu
Frostburg State University,Bobcats,Frostburg,frostburg.edu
Furman University,Paladins,Greenville,furman.edu
Geneva College,Golden Tornadoes,Beaver Falls,geneva.edu
Gannon University,Golden Knights,Erie,gannon.edu
Genesee Community College,Cougars,Batavia,genesee.edu
George Mason University,Patriots,Arlington,gmu.edu
George C. Wallace Community College,Dothan,wallace.edu
George Washington University,Colonials,Washington,gwu.edu
Georgetown College,Tigers,Georgetown,georgetowncollege.edu
Georgetown University,Hoyas,Washington,georgetown.edu
University of Georgia,Georgia Bulldogs,Lady Bulldogs,Athens,uga.edu
Georgia Gwinnett College,Grizzlies,Lawrenceville,ggc.edu
Georgia Southern University,Eagles,Statesboro,georgiasouthern.edu
Georgia State University,Panthers,gsu.edu
Georgia Institute of Technology,Yellow Jackets,Atlanta,gatech.edu
Georgian Court University,Lions,Lakewood Township,georgian.edu
Gettysburg College,Bullets,Gettysburg,gettysburg.edu
Glenville State College,Glenville,glenville.edu
Golden West College,goldenwestcollege.edu
Gonzaga University,Bulldogs,Spokane,gonzaga.edu
Gordon College (Massachusetts),Fighting Scots,Wenham,gordon.edu
Goshen College,Maple Leafs,Goshen,goshen.edu
Grace College,Winona Lake,grace.edu
Graceland University,Yellowjackets,Lamoni,graceland.edu
Grambling State University,Tigers,Grambling,gram.edu
Grand Canyon University,Antelopes,Lopes,Phoenix,gcu.edu
Grand Valley State University,Lakers,Allendale,Grand Rapids,gvsu.edu
Grand View University,Vikings,Des Moines,grandview.edu
University of Wisconsin–Green Bay,Phoenix,Green Bay,uwgb.edu
Greensboro College,Greensboro,greensboro.edu
Grinnell College,Pioneers,Grinnell,grinnell.edu
Guilford College,Greensboro,guilford.edu
Gulf Coast State College,Panama City,gulfcoast.edu
Gustavus Adolphus College,Golden Gusties,St. Peter,gustavus.edu
Hanover College,Panthers,Hanoverians,Hanover,hanover.edu
Hampton University,Pirates,Hampton,hamptonu.edu
Hamilton College (New York),Continentals,Clinton,hamilton.edu
Harding University,Bisons,Searcy,harding.edu
Harris–Stowe State University,St. Louis,hssu.edu
University of Hartford,Hawks,West Hartford,hartford.edu
Harvard University,Harvard Crimson,Cambridge,harvard.edu
Hastings College,Broncos,hastings.edu
University of Hawaii,Honolulu,hawaii.edu
University of Hawaii at Hilo,Vulcans,Hilo,hilo.hawaii.edu
Heidelberg University (Ohio),Tiffin,heidelberg.edu
Henderson State University,Reddies,Arkadelphia,hsu.edu
Hendrix College,The Warriors,Conway,hendrix.edu
Herkimer County Community College,Generals,Herkimer,herkimer.edu
High Point University,Panthers,High Point,highpoint.edu
Hillsborough Community College,Hawks,Hillsborough County,hccfl.edu
Hiram College,Terriers,Hiram,hiram.edu
Hobart and William Smith Colleges,Statesmen (Hobart)Herons (WS),Geneva,hws.edu
Hofstra University,The Pride (formerly Flying Dutchmen),Hempstead,hofstra.edu
Hope College,Flying DutchmenFlying Dutch,Holland,hope.edu
College of the Holy Cross,Crusaders,Worcester,holycross.edu
University of Houston,Cougars,Houston,uh.edu
University of Houston–Downtown,Gators,Houston,uhd.edu
University of Houston–Victoria,Jaguars,Victoria,uhv.edu
Howard Community College,Columbia,howardcc.edu
Howard University,Bison,Lady Bison,Washington,home.howard.edu
Humboldt State University,Lumberjacks,Arcata,humboldt.edu
Hunter College,Hawks,Manhattan,hunter.cuny.edu
Huntington University (United States),Foresters,Huntington,huntington.edu
University of Idaho,Vandals,Moscow,uidaho.edu
Idaho State University,Bengals,Pocatello,isu.edu
College of Idaho,Coyotes,Yotes,Caldwell,collegeofidaho.edu alumni.collegeofidaho.edu
Illinois Institute of Technology,Scarlet Hawks,Chicago,web.iit.edu
University of Illinois,Fighting Illini,Urbana,Champaign,illinois.edu
University of Illinois at Chicago,Flames,Chicago,uic.edu
University of Illinois at Springfield,Prairie Stars,Springfield,uis.edu
Illinois College,Blueboys,Lady Blues,Jacksonville,ic.edu
Illinois State University,Redbirds,Normal,illinoisstate.edu
Illinois Wesleyan University,Titans,Bloomington,iwu.edu
Incarnate Word,Cardinals,San Antonio,Alamo Heights,uiw.edu
Indian River State College,Fort Pierce,irsc.edu
Indiana University,Bloomington,iu.edu
Indiana State University,Terre Haute,indstate.edu
University of Indianapolis,Greyhounds,Indianapolis,uindy.edu
Indiana University-Purdue University Fort Wayne,Mastodons,Fort Wayne
Indiana University-Purdue University Indianapolis,Jaguars,Indianapolis,iupui.edu
Indiana University of Pennsylvania,Crimson Hawks,Indiana,iup.edu
Indiana University Southeast,Grenadiers,New Albany,ius.edu
Indiana Wesleyan University,Wildcats,Marion,indwes.edu
Iona College (New York),Gaels,New Rochelle,iona.edu
University of Iowa,Hawkeyes,Iowa City,uiowa.edu
Iowa State University,Cyclones,Ames,iastate.edu
Iowa Wesleyan College,Tigers,Mount Pleasant,iw.edu
Ithaca College,Bombers,Ithaca,ithaca.edu
Jackson State University,Tigers,Jackson,jsums.edu
Jacksonville University,Dolphins,Jacksonville,ju.edu
Jacksonville State University,Gamecocks,Jacksonville,jsu.edu
James Madison University,Dukes,Harrisonburg,jmu.edu
Jamestown College,Jimmies,Jamestown,uj.edu
John Brown University,Golden Eagles,Siloam Springs,jbu.edu
John Carroll University,Blue Streaks,University Heights,jcu.edu
Johns Hopkins University,Blue Jays,Baltimore,jhu.edu
John Jay College,Bloodhounds,New York,jjay.cuny.edu
Johnson & Wales University,Wildcats,Providence,jwu.edu
Johnson C. Smith University,Golden Bulls,Charlotte,jcsu.edu
Judson University,Elgin,judsonu.edu
Johnson University Florida,Kissimmee,johnsonu.edufl
Kalamazoo College,Hornets,Kalamazoo,kzoo.edu
University of Kansas,Jayhawks,Lawrence,ku.edu
Kansas State University,Wildcats,Manhattan,k-state.edu
Kansas Wesleyan University,Coyotes,Salina,kwu.edu
Kean University,KU,Union,Kean.edu
Keene State College,Keene,keene.edu
Keiser University,Seahawks,Fort Lauderdale,Official website
Kennesaw State University,Owls,Kennesaw,kennesaw.edu
Kent State University,Golden Flashes,Kent,kent.edu
University of Kentucky,Wildcats,Lexington,uky.edu
Kentucky Christian University,Grayson,kcu.edu
Kentucky State University,Thorobreds,Thorobrettes,Frankfort,kysu.edu
Kentucky Wesleyan College,Owensboro,kwc.edu
Kenyon College,Lords (men's teams),Ladies (women's teams),Gambier,kenyon.edu
King University,The Tornado,Bristol,king.edu
Knox College (Illinois),Galesburg,knox.edu
Kutztown University of Pennsylvania,Golden Bears,Kutztown,Kutztown.edu
La Salle University,Explorers,Philadelphia,lasalle.edu
LaGrange College,LaGrange,lagrange.edu
Lafayette College,Leopards,Easton,lafayette.edu
Lake Erie College,Storm,Painesville,lec.edu
Lake Forest College,Foresters,Lake Forest,lakeforest.edu
Lake-Sumter State College,Leesburg,lssc.edu
Lake Superior State University,Lakers,Sault Sainte Marie,lssu.edu
Lamar University,Cardinals,Lady Cardinals,Beaumont,lamar.edu
Langston University,Lions,Langston,langston.edu
Lawrence University,Appleton,lawrence.edu
Le Moyne College,Dolphins,Syracuse,lemoyne.edu
Lebanon Valley College,Flying Dutchmen,Annville,lvc.edu
Leech Lake Tribal College,Cass Lake,lltc.edu
Lehigh University,Mountain Hawks,Bethlehem,lehigh.edu
LeMoyne-Owen College,LOC,Memphis,loc.edu
Lesley University,Lynx,Cambridge,lesley.edu
Liberty University,Liberty Flames,Lady Flames,Lynchburg,liberty.edu
Life University,Marietta,life.edu
Lincoln Christian College,Red Lions,Lincoln,lincolnchristian.edu
Lincoln University (Missouri),Blue Tigers,Jefferson City,lincolnu.edu
Lincoln University (Pennsylvania),Chester County,lincoln.edu
Lincoln Memorial University,Railsplitters,Harrogate,lmunet.edu
Lindenwood University,Lions,St. Charles,lindenwood.edu
Lindsey Wilson College,Columbia,lindsey.edu
Linfield College,Wildcats,McMinnville,linfield.edu
Lipscomb University,Bisons,Nashville,lipscomb.edu
Livingstone College,Blue Bears,Salisbury,livingstone.edu
Lock Haven University of Pennsylvania,Bald Eagles,Lock Haven,lockhaven.edu
Longwood University,Lancers,Farmville,longwood.edu
Loras College,Duhawks,Dubuque,loras.edu
Los Angeles City College,Cubs,East Hollywood,lacitycollege.edu
Los Angeles Harbor College,Wilmington,lahc.edu
Los Angeles Mission College,Los Angeles,LAMission.edu
Los Angeles Pierce College,Brahmas,piercecollege.edu
Los Angeles Southwest College,Los Angeles,lasc.edu
Los Angeles Trade-Technical College,Beavers,lattc.edu
Los Angeles Valley College,Valley Glen,lavc.edu
Louisiana Tech University,Bulldogs,Lady Techsters,Ruston (Lincoln Parish),latech.edu
University of Louisiana at Lafayette,Ragin' Cajuns,Lafayette,louisiana.edu
University of Louisiana at Monroe,Warhawks,Monroe,ulm.edu
LSU Tigers and Lady Tigers,Fighting Tigers,Tigers,Lady Tigers,Bayou Bengals,Baton Rouge,lsusports.net
Louisiana State University of Alexandria,Generals,Alexandria,lsua.edu
University of Louisville,Cardinals,Louisville,louisville.edu
Loyola University of Chicago,Ramblers,Chicago,luc.edu
Loyola University Maryland,Greyhounds,Baltimore,loyola.edu
Loyola Marymount University,Lions,Westchester,lmu.edu
Loyola University of New Orleans,Wolf Pack,loyno.edu
Loyola University of Los Angeles,Lions,Westchester,lmu.edu
Lubbock Christian University,Chaparrals,Lady Chaps,Lubbock,lcu.edu
Luther College (Iowa),Norse,Decorah,luther.edu
Lyndon State College,lyndonstate.edu
Lynn University,Fighting Knights,Boca Raton,lynn.edu
Macalester College,Mac,Saint Paul,macalester.edu
MacMurray College,Jacksonville,mac.edu
University of Maine,Black Bears,Orono,umaine.edu
Malone University,Pioneer,Canton,malone.edu
"State College of Florida, Manatee–Sarasota",The Manatees,Bradenton,scf.edu
Manchester College (Indiana),North Manchester,manchester.edu
Manhattan College,Jaspers,Lady Jaspers,The Bronx,manhattan.edu
Mansfield University of Pennsylvania,Mountaineers,Mansfield,mansfield.edu
Marietta College,Pioneers,Marietta,marietta.edu
Marist College,Red Foxes,Poughkeepsie,marist.edu
Marquette University,Milwaukee,marquette.edu
Marshall University,The Thundering Herd,Huntington,marshall.edu
Mary Baldwin College,Fighting Squirrels,Staunton,marybaldwin.edu
University of Mary Washington,Eagles,Fredericksburg,umw.edu
University of Maryland,Terrapins,College Park,umd.edu
"University of Maryland, Baltimore County",Retrievers,Catonsville,umbc.edu
Marywood University,Pacers,Scranton,marywood.edu
University of Massachusetts,UMass,Amherst,massachusetts.edu
University of Massachusetts Boston,Beacons,Dorchester,umb.edu
University of Massachusetts Lowell,River Hawks,Lowell,uml.edu
Massachusetts Institute of Technology,Engineers,Cambridge,web.mit.edu
The Master's University,Mustangs,Santa Clarita,masters.edu
McDaniel College,Westminster,mcdaniel.edu
McNeese State University,Cowboys,Cowgirls,Lake Charles,mcneese.edu
McMurry University,War Hawks,Abilene,mcm.edu
McPherson College,Bulldogs,McPherson,mcpherson.edu
Medaille College,Mavericks,Buffalo,medaille.edu
University of Memphis,Tigers,Memphis,memphis.edu
Mercer University,Bears,Macon,mercer.edu
Mercyhurst College,Lakers,Erie,mercyhurst.edu
Messiah College,Mechanicsburg,messiah.edu
Methodist University,Monarchs,Fayetteville,methodist.edu
Metropolitan State University of Denver,Roadrunners,Denver,msudenver.edu
University of Miami,Hurricanes,Coral Gables,miami.edu
Miami Dade College,Miami,mdc.edu
Miami University,RedHawks,Oxford,miamioh.edu
University of Michigan,Wolverines,Ann Arbor,umich.edu
Michigan State University,Spartans,East Lansing,msu.edu
Michigan Technological University,Huskies,Houghton,mtu.edu
MidAmerica Nazarene University,The Pioneers,Olathe,mnu.edu
Middle Tennessee State University,Blue Raiders,Murfreesboro,mtsu.edu
Middlebury College,Panthers,Middlebury,middlebury.edu
Midland University,Fremont,midlandu.edu
Midwestern State University,Mustangs,Wichita Falls,msutexas.edu
Mills College,Oakland,mills.edu
Milligan College,Buffaloes,Milligan College,milligan.edu
Millsaps College,Majors,Lady Majors,Jackson,millsaps.edu
Millersville University of Pennsylvania,Marauders,Millersville,millersville.edu
University of Minnesota,Golden Gophers,Minneapolis,Saint Paul,umn.edu
University of Minnesota Crookston,Crookston,umcrookston.edu
University of Minnesota Duluth,Bulldogs,Duluth,d.umn.edu
University of Minnesota Morris,Morris,morris.umn.edu
"Minnesota State University, Mankato",Mavericks,Mankato,mnsu.edu
Minnesota State University Moorhead,Dragons,Moorhead,mnstate.edu
Misericordia University,Cougars,Dallas[1],misericordia.edu
University of Mississippi,Rebels,University,olemiss.edu
Mississippi College,Choctaws,Clinton,mc.edu
Mississippi State University,Bulldogs,Mississippi State,Starkville,msstate.edu
Mississippi Valley State University,Delta Devils,Devilettes,Mississippi Valley State,mvsu.edu
University of Missouri,Tigers,Columbia,missouri.edu
University of Missouri at Kansas City,Kangaroos,Kansas City,umkc.edu
University of Missouri at St. Louis,Tritons,St. Louis,umsl.edu
Missouri University of Science and Technology,Miners,Rolla,mst.edu
Missouri Southern State University,Lions,Joplin,mssu.edu
Missouri Western State University,Griffons,Saint Joseph,missouriwestern.edu
Missouri State University,Springfield,missouristate.edu
Missouri Valley College,Vikings,Marshall,moval.edu
Massachusetts Institute of Technology,Engineers,Cambridge,web.mit.edu
University of Mobile,The Rams,Mobile,umobile.edu
Monmouth University,Hawks,West Long Branch,monmouth.edu
University of Montana,Grizzlies,Lady Griz,Missoula,umt.edu
Montana State University,Bobcats,Bozeman,montana.edu
Montclair State University,Red Hawks,Montclair,montclair.edu
University of Montevallo,Falcons,montevallo.edu
Moravian College,Greyhounds,Bethlehem,moravian.edu
Morehead State University,Eagles,Morehead,moreheadstate.edu
Morgan State University,Bears,Baltimore,morgan.edu
Morningside College,Mustangs,Sioux City,morningside.edu
Morrisville State College,Morrisville,morrisville.edu
Mount Mercy College,Mustangs,Cedar Rapids,mtmercy.edu
Mount St. Mary's University,Mountaineers,Emmitsburg,msmary.edu
Mount Union College,Purple Raiders,Alliance,mountunion.edu
Muhlenberg College,Mules,Allentown,muhlenberg.edu
Murray State College,Tishomingo,mscok.edu
Murray State University,Racers,Murray,murraystate.edu
Muskingum University,Fighting Muskies,New Concord,muskingum.edu
United States Naval Academy,Midshipmen,Annapolis,usna.edu
University of Nebraska,Cornhuskers,Lincoln,unl.edu
University of Nebraska at Kearney,Lopers,Kearney,unk.edu
University of Nebraska at Omaha,Mavericks,Omaha,unomaha.edu
Nebraska Wesleyan University,Lincoln,nebrwesleyan.edu
"University of Nevada, Reno",Wolf Pack,Reno,unr.edu
"University of Nevada, Las Vegas",Rebels,Paradise,unlv.edu
"University of New England, Maine",Nor'easters,Biddeford,une.edu
University of New Hampshire,Wildcats,Durham,unh.edu
University of New Haven,Chargers,West Haven,newhaven.edu
New Jersey Institute of Technology,Highlanders,Newark,njit.edu
University of New Mexico,Lobos,Albuquerque,unm.edu
New Mexico State University,Aggies,Las Cruces,nmsu.edu
New Mexico Institute of Mining and Technology,Socorro,nmt.edu
University of New Orleans,Privateers,New Orleans,uno.edu
New York University,Violets,New York,nyu.edu
Niagara University,Purple Eagles,Lewiston,niagara.edu
Nicholls State Colonels,Colonels,Thibodaux,geauxcolonels.com
Norfolk State University,Spartans,Norfolk,nsu.edu
University of North Alabama,Lions,Florence,una.edu
University of North Carolina at Asheville,Bulldogs,Asheville,unca.edu
University of North Carolina at Chapel Hill,Tar Heels,Chapel Hill,unc.edu
University of North Carolina at Charlotte,49ers,Charlotte,uncc.edu
University of North Carolina at Greensboro,Spartans,Greensboro,uncg.edu
University of North Carolina at Pembroke,Braves,Pembroke,uncp.edu
University of North Carolina Wilmington,Seahawks,Wilmington,uncw.edu
North Carolina Agricultural and Technical State University,Aggies,Greensboro,ncat.edu
North Carolina Central University,Eagles,Durham,nccu.edu
North Carolina School of the Arts,Winston-Salem,uncsa.edu
North Carolina State University,Wolfpack,Raleigh,ncsu.edu
University of North Dakota,Fighting Hawks,Grand Forks,und.edu
North Dakota State University,Bison,Thundering Herd,Fargo,ndsu.edu
University of North Georgia,Nighthawks,Dahlonega,ung.edu
University of North Florida,Ospreys,Jacksonville,unf.edu
North Park University,Chicago,northpark.edu
University of North Texas,Mean Green,Denton,unt.edu
"Northeastern University, Boston",Huskies,Boston,northeastern.edu
Northeastern State University,RiverHawks,Tahlequah,nsuok.edu
Northern Arizona University,Lumberjacks,Flagstaff,nau.edu
University of Northern Colorado,Bears,Greeley,unco.edu
Northern Illinois University,Huskies,DeKalb,niu.edu
University of Northern Iowa,Panthers,Cedar Falls,uni.edu
Northern Kentucky University,Norse,Highland Heights,nku.edu
Northrop University,Inglewood
Northern Michigan University,Wildcats,Marquette,nmu.edu
Northern New Mexico College,Española,nnmc.edu
Northwest Christian University,Beacons (2008 - Present),Eugene,nwcu.edu
Northwest Florida State College,Niceville,nwfsc.edu
Northwest Missouri State University,Bearcats,Maryville,nwmissouri.edu
Northwestern College (Iowa),Red Raiders,Orange City,nwciowa.edu
Northwestern University,Wildcats,Evanston,northwestern.edu
Northwestern State University,Demons,Lady Demons,Natchitoches,nsula.edu
Norwich University,Northfield,norwich.edu
University of Notre Dame,Fighting Irish,Notre Dame,nd.edu
Nova Southeastern University,Sharks,Fort Lauderdale,nova.edu
Oakland University,Golden Grizzlies,Rochester,oakland.edu
Oakton Community College,Des Plaines,oakton.edu
Oberlin College,Yeomen,Yeowomen,Oberlin,oberlin.edu
Occidental College,Tigers,Los Angeles,Oxy.edu
Oglethorpe University,Stormy Petrels,Brookhaven,oglethorpe.edu
Ohio University,Bobcats,Athens,ohio.edu
Ohio Northern University,Polar Bears,Ada,onu.edu
Ohio State University,Buckeyes,Columbus,osu.edu
Ohio Valley University,Fighting Scots,Vienna,ovu.edu
Ohio Wesleyan University,Battling Bishops,Delaware,owu.edu
University of Oklahoma,Sooners,Norman,ou.edu
Oklahoma City University,Stars,Oklahoma City,okcu.edu
Oklahoma State University,Cowboys,Cowgirls,Stillwater,go.okstate.edu
Oklahoma Panhandle State University,Aggies,Goodwell,opsu.edu
Oklahoma Wesleyan University,Eagles,Bartlesville,okwu.edu
Ole Miss,Rebels,University,olemiss.edu
Old Dominion University,Monarchs,Norfolk,odu.edu
Olivet Nazarene University,Tigers,Bourbonnais,olivet.edu
Oral Roberts University,Golden Eagles,Tulsa,oru.edu
University of Oregon,Ducks,Eugene,uoregon.edu
Oregon State University,Beavers,Corvallis,oregonstate.edu
Oregon Institute of Technology,Owls,Klamath Falls,oit.edu
State University of New York at Oswego,Lakers,Oswego,oswego.edu
Ouachita Baptist University,Tigers,Arkadelphia,obu.edu
College of the Ozarks,Bobcats,Lady Cats,Point Lookout,cofo.edu
University of the Ozarks,Ozarks,Clarksville,ozarks.edu
Pace University,Setter,New York,pace.edu
University of the Pacific (United States),Tigers,Sacramento,pacific.edu
Pacific University,Boxers,pacificu.edu
Pacific Lutheran University,Lutes,Parkland,plu.edu
Palm Beach Atlantic University,Sailfish,West Palm Beach,pba.edu
Palm Beach State College,Panthers,Palm Beach,palmbeachstate.edu
Park University,Parkville,park.edu
Pasadena City College,Lancer,Pasadena,pasadena.edu
Pasco–Hernando State College,New Port Richey,phsc.edu
Pensacola Christian College,Eagles,pcci.edu
Pensacola State College,Pensacola,pensacolastate.edu
University of Pennsylvania,Quakers,Philadelphia,upenn.edu
Pennsylvania State University,Nittany Lions,University Park,psu.edu
Pepperdine University,Waves,Malibu,pepperdine.edu
University of Pikeville,UPIKE,Bears,Lady Bears,Pikeville,upike.edu
Pittsburg State University,Gorillas,Pittsburg,pittstate.edu
University of Pittsburgh,Panthers,Pittsburgh,pitt.edu
University of Pittsburgh at Bradford,Panthers,Bradford,upb.pitt.edu
University of Pittsburgh at Greensburg,Pitt-Greensburg,Bobcats,Greensburg,upg.pitt.edu
University of Pittsburgh at Johnstown,Mountain Cats,Johnstown,upj.pitt.edu
University of Pittsburgh at Titusville,Pitt-Titusville,UPTPanthers,Titusville,upt.pitt.edu
Pitzer College,Claremont,pitzer.edu
Point Loma Nazarene University,Sea Lions,San Diego,pointloma.edu
Point Park University,Pioneers,Pittsburgh,pointpark.edu
Point University,Skyhawks,West Point,point.edu
Polk State College,Eagles,Winter Haven,polk.edu
Pomona College,Sagehens,Claremont,pomona.edu
University of Portland,Pilots,Portland,up.edu
Portland State University,Vikings,Portland,pdx.edu
Post University,Eagles,Waterbury,post.edu
Prairie View A&M University,The Hill,Panthers,Lady Panthers,Prairie View,pvamu.edu
Presbyterian College,Blue Hose,Clinton,presby.edu
Princeton University,Tigers,Princeton,princeton.edu
Providence College,Friars,Providence,providence.edu
University of Puerto Rico at Mayagüez,Colegio,Mayagüez,uprm.edu
Purdue University,Boilermakers,West Lafayette,purdue.edu
Purdue University Calumet,Pride,Hammond,Westville,pnw.edu
IPFW,Mastodons,Fort Wayne
Quinnipiac University,Bobcats,Hamden,North Haven,qu.edu
Quincy University,Hawks,Quincy,quincy.edu
Radford University,Highlanders,Radford,radford.edu
Randolph-Macon College,Yellow Jackets,Ashland,rmc.edu
University of Redlands,Bulldogs,Redlands,redlands.edu
Reed College,Portland,reed.edu
Regis University,Rangers,Denver,regis.edu
Reinhardt University,Waleska,reinhardt.edu
Rensselaer Polytechnic Institute,Engineers,Troy,rpi.edu
University of Richmond,Spiders,Richmond,richmond.edu
Rice University,Owls,Houston,rice.edu
Rider University,Broncs,Lawrenceville,rider.edu
University of Rhode Island,Rams,Kingston,uri.edu
Rhode Island College,Providence,North Providence,ric.edu
Rhode Island School of Design,Providence,risd.edu
Rhodes College,Lynx,Memphis,rhodes.edu
Roanoke College,Maroons,Salem,roanoke.edu
University of Rochester,Yellowjackets,Rochester,rochester.edu
Robert Morris University,Colonials,Moon Township,rmu.edu
Robert Morris University (Illinois),Eagles,Chicago,robertmorris.edu
Rochester Institute of Technology,Tigers,Henrietta,rit.edu
Rock Valley College,Golden Eagles,Rockford,rockvalleycollege.edu
Rockford University,Regents,Rockford,rockford.edu
Rollins College,Tars,Winter Park,rollins.edu
Rose-Hulman Institute of Technology,Fightin' Engineers,Terre Haute,rose-hulman.edu
Rosemont College,Ravens,Rosemont,rosemont.edu
Rowan University,Profs,Glassboro,Official website
Rutgers University,Scarlet Knights (New Brunswick)Scarlet Raptors (Camden)Scarlet Raiders (Newark),New Brunswick,rutgers.edu
Rutgers–Camden,Camden,camden.rutgers.edu
Rutgers–Newark,Scarlet Raiders,Newark,newark.rutgers.edu
Sacramento State University,Hornets,Sacramento,csus.edu
Sacred Heart University,Pioneers,Fairfield,sacredheart.edu
Sage Colleges,Gators,Albany,sage.edu
Saint Ambrose University,Fighting Bees,Davenport,sau.edu
Saint Anselm College,Hawks,Goffstown,anselm.edu
College of Saint Benedict/Saint John's University, St. Joseph,csbsju.edu
Saint Bonaventure University,Bonnies,Allegany,sbu.edu
Saint Cloud State University,Huskies,St. Cloud,stcloudstate.edu
Saint Edward's University,Hilltoppers,Austin,stedwards.edu
University of Saint Francis (Indiana),Cougars,Fort Wayne,sf.edu
Saint Francis College,Terriers,Brooklyn Heights,New York,sfc.edu
Saint Francis University,Red Flash,Loretto,francis.edu
St. John Fisher College,Cardinals,Rochester,sjfc.edu
St. Johns River State College,Palatka,sjrstate.edu
St. John's College (Annapolis/Santa Fe),Annapolis,Santa Fe,sjc.edu
College of Saint Benedict/Saint John's University, St. Joseph,csbsju.edu
"Saint John's University, New York",Red Storm,New York,stjohns.edu
Saint Joseph's College (Indiana),Pumas,Rensselaer,saintjoe.edu
Saint Joseph's College (New York),SJC Brooklyn - BearsSJC Long Island - Golden Eagles,Brooklyn and Patchogue,sjcny.edu
Saint Joseph's College of Maine,Monks,Standish,sjcme.edu
Saint Joseph's University,Hawks,Philadelphia,Lower Merion,sju.edu
Saint Lawrence University,Saints,Canton,stlawu.edu
Saint Leo University,Lions,Saint Leo,saintleo.edu
St. Louis Community College,Archers,St. Louis,stlcc.edu
Saint Louis University,Billikens,St. Louis,slu.edu
St. Louis College of Pharmacy,stlcop.edu
University of Saint Mary,Spires,Leavenworth,stmary.edu
Saint Mary's College of California,Gaels,Moraga,stmarys-ca.edu
Saint Mary's University of Minnesota,Cardinals,Winona,Minneapolis,smumn.edu
Saint Mary-of-the-Woods College,Saint Mary-of-the-Woods,smwc.edu
Saint Michael's College,Purple Knights,Colchester,smcvt.edu
Saint Olaf College,Oles,Northfield,stolaf.edu
St. Petersburg College,St. Petersburg,spcollege.edu
Saint Peter's University,Peacocks,Jersey City,saintpeters.edu
St. Thomas University (Florida),STU,Miami Gardens,stu.edu
University of Saint Thomas (Minnesota),Tommies,St. Paul–Minneapolis,stthomas.edu
Saint Vincent College,Bearcats,Latrobe,stvincent.edu
Saint Xavier University,Cougars,Chicago,sxu.edu
Salem International University,Salem,salemu.edu
Salem State University,Vikings,Salem,salemstate.edu
Salisbury University,Sea Gulls,Salisbury,salisbury.edu.
Sam Houston State University,Bearkats,Huntsville,shsu.edu
Samford University,Bulldogs,Homewood,samford.edu
University of San Diego,Toreros,San Diego,sandiego.edu
San Diego State University,Aztecs,San Diego,sdsu.edu
University of San Francisco,USFer,usfca.edu
San Jose State University,Spartans,San Jose,sjsu.edu
Santa Clara University,Broncos,Santa Clara,scu.edu
Santa Fe College,Saints,Gainesville,sfcollege.edu
Savannah College of Art and Design,Savannah,Atlanta,scad.edu
Savannah State University,Tigers,Lady Tigers,Savannah,savannahstate.edu
Schoolcraft College,Livonia,schoolcraft.edu
Scottsdale Community College,Fighting Artichokes,Scottsdale,scottsdalecc.edu
Seattle University,Redhawks,Seattle,seattleu.edu
Seattle Pacific University,Falcons,Seattle,spu.edu
Seton Hall University,Pirates,South Orange,shu.edu
Seton Hill University,Griffins,Greensburg,setonhill.edu
"Sewanee, The University of the South",Tigers,Sewanee,sewanee.edu
Siena College,Saints,Loudonville
Simmons College of Kentucky,Louisville,simmonscollegeky.edu
Bard College at Simon's Rock,Great Barrington,simons-rock.edu
Simpson College,The Storm,Indianola,simpson.edu
Shawnee State University,Bears,Portsmouth,shawnee.edu
Shepherd University,Rams,Shepherdstown,shepherd.edu
Shimer College,Chicago,shimer.edu
Shippensburg University of Pennsylvania,Raiders,Shippensburg,ship.edu
Skidmore College,Thoroughbreds,T-Breds,Saratoga Springs,skidmore.edu
Slippery Rock University of Pennsylvania,The Rock,Slippery Rock,sru.edu
Smith College,Pioneers,Northampton,smith.edu
University of South Alabama,Jaguars,Mobile,southalabama.edu
University of South Carolina,Gamecocks,Columbia,sc.edu
University of South Carolina Beaufort,Sand Sharks,Beaufort,uscb.edu
University of South Carolina Upstate,Spartans,Spartanburg,uscupstate.edu
South Carolina State University,Bulldogs or Lady Bulldogs,Orangeburg,scsu.edu
University of South Dakota,Coyotes,Vermillion,usd.edu
South Dakota School of Mines and Technology,Hardrockers,Rapid City,sdsmt.edu
South Dakota State University,Jackrabbits,Brookings,sdstate.edu
University of South Florida,Bulls,Tampa,usf.edu
Southeast Missouri State University,Redhawks (Division I FCS),Cape Girardeau,semo.edu
Southeastern University (Florida),Fire,Lakeland,seu.edu
Southeastern Louisiana University,Lions,Lady Lions,Hammond,southeastern.edu
Southeastern Oklahoma State University,Savage Storm,Durant,se.edu
Southeastern University (Florida),Fire,Lakeland,seu.edu
Southern Arkansas University,Muleriders,Magnolia,saumag.edu
University of Southern California,Trojans,Los Angeles,usc.edu
Southern University and A&M College,Jaguars,Lady Jaguars,Baton Rouge,subr.edu
Southern Connecticut State University,Owls,New Haven,southernct.edu
Southern Illinois University Carbondale,Salukis,Carbondale,siu.edu
Southern Illinois University Edwardsville,Cougars,Edwardsville,siue.edu
University of Southern Indiana,Screaming Eagles,Evansville,usi.edu
University of Southern Maine,Huskies,Gorham,usm.maine.edu
Southern Methodist University,Mustangs,University Park,smu.edu
The University of Southern Mississippi,Golden Eagles,Hattiesburg,usm.edu
Southern Nazarene University,Crimson Storm,Bethany,snu.edu
Southern New Hampshire University,Penmen,Manchester,Hooksett,snhu.edu
Southern Utah University,Thunderbirds,Cedar City,suu.edu
Southern Virginia University,Knights,Buena Vista,svu.edu
Southwest Minnesota State University,Mustangs,Marshall,smsu.edu
Southwest Baptist University,Bearcats,Bolivar,sbuniv.edu
Southwestern College (Kansas),Moundbuilders,Winfield,sckans.edu
Southwestern Moundbuilders,Moundbuilders,Winfield,buildersports.com
Southwestern University,Pirates,Georgetown,southwestern.edu
Spring Hill College,Badgers,Mobile,shc.edu
Springfield College,Pride,Springfield,springfield.edu
St. Thomas University (Florida),STU,Miami Gardens,stu.edu
Stanford University,Cardinal,Stanford,stanford.edu
College of Staten Island,csi.cuny.edu
Stephen F. Austin State University,Lumberjacks,Ladyjacks,Nacogdoches,sfasu.edu
Stetson University,Hatters,DeLand,stetson.edu
Stockton University,The Ospreys,Galloway,stockton.edu
Stonehill College,Skyhawks,North Easton,stonehill.edu
Stony Brook University,Seawolves,Stony Brook,stonybrook.edu
"University at Buffalo, The State University of New York",Bulls,Buffalo,buffalo.edu
SUNY Brockport,Golden Eagles,Brockport,brockport.edugobrockport.com
SUNY Cortland,Red Dragons,Cortland,cortland.edu
State University of New York College of Environmental Science and Forestry,Mighty Oaks,Syracuse,esf.edu
SUNY Fredonia,Blue Devils,Fredonia,fredonia.edu
SUNY Geneseo,Geneseo,geneseo.edu
SUNY Institute of Technology,Wildcats,Albany,Marcy,sunypoly.edu
SUNY New Paltz,Hawks,newpaltz.edu
SUNY Oneonta,Red Dragons,Oneonta,suny.oneonta.edu
SUNY Plattsburgh,Cardinals,Plattsburgh,plattsburgh.edu
SUNY Potsdam,Bears,Potsdam,potsdam.edu
SUNY Purchase,Panthers,Harrison,purchase.edu
Sussex County Community College,Skylanders,Newton,sussex.edu
Sweet Briar College,Vixens,Sweet Briar,sbc.edu
Syracuse University,Orange,Syracuse,syracuse.edu
Tabor College (Kansas),Bluejays,Hillsboro,tabor.edu
Tabor Bluejays,Bluejays,Hillsboro,taborbluejays.com
Tallahassee Community College,Eagles,Tallahassee,tcc.fl.edu
University of Tampa,Spartans,Tampa,ut.edu
Tarleton State University,Texans/TexAnns,Stephenville,tarleton.edu
Taylor University,Trojans,Upland,taylor.edu
The College of New Jersey,Lions,Ewing,tcnj.edu
Temple University,Owls,Philadelphia,temple.edu
University of Tennessee, Volunteers,Lady Volunteers,Knoxville,utk.edu
University of Tennessee at Chattanooga,Mocs,Chattanooga,utc.edu
University of Tennessee at Martin,Skyhawks,Martin,utm.edu
Tennessee State University,Tigers,Nashville,tnstate.edu
Tennessee Technological University,Golden Eagles,Cookeville,tntech.edu
Tennessee Temple University,Crusaders,Chattanooga,tntemple.edu
University of Texas,Longhorns,Austin,utexas.edu
University of Texas at Arlington,Mavericks,Arlington,uta.edu
University of Texas at Brownsville,Ocelots,Brownsville,utb.edu
Texas Christian University,Horned Frogs,Fort Worth,tcu.edu
University of Texas at Dallas,Comets,Richardson,Dallas,utdallas.edu
University of Texas at El Paso,Miners,El Paso,utep.edu
University of Texas-Pan American,Broncs,Edinburg,utpa.edu
University of Texas of the Permian Basin,Falcons,Odessa,utpb.edu
University of Texas–Rio Grande Valley,Vaqueros,Brownsville,utrgv.edu
University of Texas at San Antonio,Roadrunners,San Antonio,utsa.edu
University of Texas at Tyler,Patriots,Tyler,uttyler.edu
Texas A&M University,Aggies,College Station,tamu.edu
Texas A&M University-Commerce,Lions,Commerce,tamuc.edu
Texas A&M University-Corpus Christi,Islanders,Corpus Christi,tamucc.edu
Texas A&M International University,Dustdevils,Laredo,tamiu.edu
Texas A&M University-Kingsville,Javelinas,Kingsville,tamuk.edu
Texas Lutheran University,Seguin,tlu.edu
Texas Southern University,Tigers,Houston,tsu.edu
Texas State University,Bobcats,San Marcos,txstate.edu
Texas Tech University,Red Raiders,Lubbock,ttu.edu
Texas Wesleyan University,Rams,Fort Worth,txwes.edu
Thiel College,Tomcats,Greenville,thiel.edu
Thomas University,Night Hawks,Thomasville,thomasu.edu
Thomas More College (Kentucky),Saints,Crestview Hills,thomasmore.edu
Toccoa Falls College,TFC,Toccoa Falls,tfc.edu
University of Toledo,Rockets,Toledo,utoledo.edu
Towson State University,Tigers,Towson,towson.edu
Transylvania University,Pioneers,Lexington,transy.edu
Trevecca Nazarene University,Trojans,The Vec,Nashville,trevecca.edu
Trine University,Thunder,Angola,trine.edu
Trinity Baptist College,Jacksonville,tbc.edu
Trinity Christian College,Trolls,Palos Heights,trnty.edu
Trinity College (Connecticut),Bantams,Hartford,trincoll.edu
Trinity College (Florida),New Port Richey,trinitycollege.edu
Trinity University (Texas),Tigers,San Antonio,trinity.edu
Troy University,Trojans,Troy,troy.edu
Truman State University,Bulldogs,Kirksville,truman.edu
Tufts University,Jumbos,Medford,Somerville,tufts.edu
Tulane University,Green Wave,New Orleans,tulane.edu
University of Tulsa,Golden Hurricane,Tulsa,utulsa.edu
Turtle Mountain Community College,tm.edu
Tusculum College,Tusculum,tusculum.edu
Tuskegee University,Golden Tigers,Tuskegee,tuskegee.edu
Union College (Kentucky),Bulldogs,Barbourville,unionky.edu
Union College,Dutchmen/Dutchwomen,Schenectady,union.edu
Union University,Bulldogs,Jackson,uu.edu
University of Utah,Utes,Salt Lake City,utah.edu
Upper Iowa University,Peacocks,Fayette,uiu.edu
Utah State University,Aggies,Logan,usu.edu
Utah Valley University,Wolverines,Orem,uvu.edu
Utica College,Pioneers,Utica,utica.edu
Valdosta State University,Blazers,Valdosta,valdosta.edu
Valparaiso University,Crusaders,Valparaiso,valpo.edu
Vanderbilt University,Commodores,Nashville,vanderbilt.edu
Vassar College,Brewers,Poughkeepsie,vassar.edu
University of Vermont,Catamounts,Burlington,uvm.edu
Stevenson University,Mustangs,Owings Mills,Stevenson,stevenson.edu
Villanova University,Wildcats,villanova.edu
Vincennes University,Vincennes,vinu.edu
University of Virginia,CavaliersWahoos,Charlottesville,virginia.edu
Virginia Commonwealth University,Rams,Richmond,vcu.edu
Virginia Military Institute,Keydets,Lexington,vmi.edu
Virginia State University,Trojans,Petersburg,vsu.edu
Virginia Polytechnic Institute and State University,Hokies,Blacksburg,vt.edu
Virginia Union University,Panthers,Richmond,vuu.edu
Virginia Wesleyan College,Marlins,Virginia Beach,vwu.edu
Viterbo University,V-Hawks,La Crosse,viterbo.edu
Voorhees College,Denmark,voorhees.edu
Wabash College,Little Giants,Crawfordsville,wabash.edu
Wagner College,Seahawks,Staten Island,wagner.edu
Wake Forest University,Demon Deacons,Winston-Salem,wfu.edu
Waldorf College,Warriors,Forest City,waldorf.edu
Walsh University,Cavaliers,North Canton,walsh.edu
Warner University,Royals,Lake Wales,warner.edu
Wartburg College,Knights,Waverly,wartburg.edu
Washburn University,Ichabods,Topeka,washburn.edu
University of Washington,Huskies,Seattle,washington.edu
Washington University in St. Louis,Bears,St. Louis,wustl.edu
Washington and Jefferson,Presidents,Washington,washjeff.edu
Washington & Jefferson Presidents,The Presidents,Washington,gopresidents.com
Washington and Lee University,The Generals,Lexington,wlu.edu
Washington State University,Cougars,Pullman,wsu.edu
Wayland Baptist University,PioneersFlying Queens,Plainview,wbu.edu
Wayne State College,Wildcats,Wayne,wsc.edu
Wayne State University,Warriors,Detroit,wayne.edu
Webber International University,Warriors,Babson Park,webber.edu
Weber State University,Wildcats,Ogden,weber.edu
Webster University,Gorloks,Webster Groves,webster.edu
Wellesley College,Blue,Wellesley,Wellesley.edu
Wentworth Institute of Technology,Boston,wit.edu
"Wesley College, Delaware",Wolverines,Dover,wesley.edu
Wesleyan University,Cardinals,Middletown,wesleyan.edu
University of West Alabama,Tigers,uwa.edu
West Chester University of Pennsylvania,Golden Rams,West Chester,WCUPA.edu
University of West Florida,Argonauts,Argos,Pensacola,uwf.edu
University of West Georgia,Wolves,Carrollton,westga.edu
West Liberty State College,Hilltoppers,West Liberty,westliberty.edu
West Texas A&M University,Buffaloes or Buffs,Canyon,wtamu.edu
West Los Angeles College,Culver City,wlac.edu
West Virginia University,Mountaineers,Morgantown,wvu.edu
West Virginia State University,Yellow Jackets,Institute,wvstateu.edu
West Virginia University at Parkersburg,Riverhawks,Parkersburg,wvup.edu
West Virginia University Institute of Technology,Golden Bears,Beckley,wvutech.edu
West Virginia Wesleyan College,Bobcats,Lady Bobcats,Buckhannon,wvwc.edu
Western Carolina University,Catamounts,Cullowhee,wcu.edu
Western Connecticut State University,Colonials,Danbury,wcsu.edu
Western Illinois University,Leathernecks,Macomb,wiu.edu
Western Kentucky University,Hilltoppers,Lady Toppers,Bowling Green,wku.edu
Western Michigan University,Broncos,Kalamazoo,wmich.edu
Western Nebraska Community College,Scottsbluff,wncc.edu
Western Oregon University,Wolves,Monmouth,wou.edu
Western Texas College,The Westerners,Snyder,Official Website
Western Washington University,Vikings,Bellingham,wwu.edu
Westmont College,The Warriors,westmont.edu
Wheaton College (Illinois),Wheaton,wheaton.edu
Wheaton College (Massachusetts),Lyons,Norton,wheatoncollege.edu
Wheeling Jesuit University,Cardinals,Wheeling,wju.edu
Whitman College,Blues,Walla Walla,whitman.edu
Whittier College,The Poets,Whittier,whittier.edu
Wichita State University,Shockers,Wichita,wichita.edu
Widener University,Pride (introduced in 2006),formerly the Pioneers,the Cadets (when PMC),Chester,widener.edu
Wiley College,Wildcats,Marshall,wileyc.edu
Wilkes University,Colonels,wilkes.edu
College of William and Mary,Tribe,Williamsburg,wm.edu
William Carey University,Hattiesburg,wmcarey.edu
William Jewell College,Cardinals,Liberty,jewell.edu
William Paterson University,Pioneers,Wayne,wpunj.edu
William Penn University,Oskaloosa,wmpenn.edu
William Smith College,Statesmen (Hobart)Herons (WS),Geneva,hws.edu
William Woods University,Owls,Fulton,williamwoods.edu
Williams College,Ephs,Williamstown,williams.edu
Williston State College,Tetons,Williston,willistonstate.edu
Wilmington College (Ohio),Quakers,Wilmington,wilmington.edu
Winona State University,Warriors,Winona,winona.edu
Winston-Salem State University,Rams,Winston-Salem,wssu.edu
Winthrop University,Eagles,Rock Hill,winthrop.edu
University of Wisconsin–Eau Claire,Blugolds,Eau Claire,uwec.edu
University of Wisconsin-Green Bay,Phoenix,Green Bay,uwgb.edu
University of Wisconsin–La Crosse,Eagles,La Crosse,uwlax.edu
University of Wisconsin–Madison,Badgers,Madison,wisc.edu
University of Wisconsin–Marathon County,Huskies,Wausau,uwmc.uwc.edu
University of Wisconsin–Marshfield/Wood County,Marshfield Marauders,Marshfield,marshfield.uwc.edu
University of Wisconsin–Milwaukee,Milwaukee Panthers,Milwaukee,uwm.edu
"University of Wisconsin, Oshkosh",Titans,Oshkosh,uwosh.edu
University of Wisconsin–Parkside,Rangers,Parkside,uwp.edu
University of Wisconsin–Platteville,Pioneers,Platteville,uwplatt.edu
University of Wisconsin-Richland,Richland Center,richland.uwc.edu
University of Wisconsin–River Falls,Falcons,River Falls,uwrf.edu
University of Wisconsin-Rock County,Janesville,rock.uwc.edu
University of Wisconsin-Sheboygan,Sheboygan,uwgb.edu
University of Wisconsin–Stevens Point,Pointers,Stevens Point,uwsp.edu
University of Wisconsin-Stout,Blue Devils,Menomonie,uwstout.edu
University of Wisconsin–Superior,Yellowjackets,Superior,uwsuper.edu
University of Wisconsin–Whitewater,Warhawks,Whitewater,uww.edu
Wittenberg University,Springfield,wittenberg.edu
Wofford College,Terriers,Spartanburg,wofford.edu
The College of Wooster,Fighting Scots,Wooster,wooster.edu
Worcester Polytechnic Institute,Engineers,Worcester,wpi.edu
Worcester State College,Worcester,worcester.edu
Wright State University,Raiders,Dayton,wright.edu
University of Wyoming,Cowboys,Cowgirls,Laramie,uwyo.edu
Xavier University (Cincinnati),Musketeers,Cincinnati,xavier.edu
Yale University,Bulldogs,New Haven,yale.edu
Yeshiva University,Maccabees,New York,yu.edu
York College of Pennsylvania,Spartans,ycp.edu
Youngstown State University,Penguins,Youngstown,ysu.edu
